link,lehce
https://youtu.be/9IPGFdToYH4,azerbaycan
https://youtu.be/c7G_2THFs8Y,ozbekce
https://youtu.be/GKvNs-acl0Y,kirgizca
https://youtu.be/S99kSb4Nhg0,kazakca
https://youtu.be/thHfd2uhdUE,tatarca
https://youtu.be/spB2wkwISXE,turkmence
https://youtu.be/k0nnMV_H5kg,uygurca
https://youtu.be/mROmBWt1lEY,azerbaycan
https://youtu.be/IgO2Y2fPYPM,azerbaycan
https://youtu.be/S2R1T6x8tRw,ozbekce
https://youtu.be/7q1qGWCW7sk,ozbekce
https://youtu.be/AJwQbrrVvRA,ozbekce
https://youtu.be/ZVyOTS7Tqzg,ozbekce
https://youtu.be/0yJsBMgV1hM,kirgizca
https://youtu.be/mUsxYE4tpBE,kirgizca
https://youtu.be/-3A28X5CKw0,kazakca
https://youtu.be/mZEW6TNud1s,kazakca
https://youtu.be/Sfn9CnpvYcs,uygurca
https://youtu.be/q0fX8_sTMq0,uygurca
https://youtu.be/SNxlwSeu2Ng,azerbaycan
https://youtu.be/7ZDoaGrblQs,azerbaycan
https://youtu.be/I5ijLszpAGY,tatarca
https://youtu.be/-YsYYolvv4A,tatarca
https://youtu.be/p2bKtLum1BA,tatarca
https://youtu.be/spB2wkwISXE,turkmence
https://youtu.be/waayeZQq_gw,turkmence
https://youtu.be/fLI6BMi0kfE,turkmence
https://youtu.be/Feng1odLkqA,turkmence
https://youtu.be/ogo9McJ51jg,turkmence
https://youtu.be/8Xp6KhVE_OY,turkmence


